timestamp,manager,player_name,player_id,from,to,movement,roster_id
2026-09-29 04:16:51 PM EDT,Bobrasaka,Dallas Goedert,5022,BENCH,FLEX,STARTED,4
2026-09-29 06:18:37 PM EDT,Bobrasaka,Dallas Goedert,5022,FLEX,BENCH,BENCHED,4
2026-09-29 07:24:29 PM EDT,Bobrasaka,Dallas Goedert,5022,BENCH,SUPER_FLEX,STARTED,4
2026-09-29 10:20:01 PM EDT,Bobrasaka,Terrance Ferguson,12487,BENCH,FLEX,STARTED,4
2026-09-29 10:20:01 PM EDT,Bobrasaka,Dallas Goedert,5022,SUPER_FLEX,FLEX,SLOT_CHANGE,4
2026-09-29 10:20:01 PM EDT,Bobrasaka,Tyler Warren,12518,BENCH,SUPER_FLEX,STARTED,4
2026-09-30 12:09:15 AM EDT,Bobrasaka,Terrance Ferguson,12487,FLEX,SUPER_FLEX,SLOT_CHANGE,4
2026-09-30 12:09:15 AM EDT,Bobrasaka,Tyler Warren,12518,SUPER_FLEX,FLEX,SLOT_CHANGE,4
2026-09-30 06:57:33 AM EDT,bradleysmart,Eddy Pineiro,5189,K,BENCH,BENCHED,7
2026-09-30 06:57:33 AM EDT,bradleysmart,Evan McPherson,7839,BENCH,K,STARTED,7
2026-09-30 10:27:01 AM EDT,Wambulance101,Alvin Kamara,4035,BENCH,FLEX,STARTED,5
2026-09-30 10:27:01 AM EDT,Wambulance101,Omarion Hampton,12507,FLEX,BENCH,BENCHED,5
2026-09-30 01:34:06 PM EDT,duncanMcnamara,Chris Godwin,4037,BENCH,WR,STARTED,9
2026-09-30 01:34:06 PM EDT,duncanMcnamara,Bryce Young,9228,SUPER_FLEX,QB,SLOT_CHANGE,9
2026-09-30 01:34:06 PM EDT,duncanMcnamara,Malik Washington,11610,WR,BENCH,BENCHED,9
2026-09-30 01:34:06 PM EDT,duncanMcnamara,Jalen Hurts,6904,QB,SUPER_FLEX,SLOT_CHANGE,9
2026-09-30 01:34:06 PM EDT,duncanMcnamara,MarShawn Lloyd,11581,FLEX,BENCH,BENCHED,9
2026-09-30 01:34:06 PM EDT,duncanMcnamara,Ollie Gordon,12495,BENCH,FLEX,STARTED,9
2026-09-30 02:43:10 PM EDT,mopastakid,Tony Pollard,5967,FLEX,BENCH,BENCHED,1
2026-09-30 02:43:10 PM EDT,Bobrasaka,Tyler Higbee,3271,BENCH,SUPER_FLEX,STARTED,4
