timestamp_utc,trend_type,lookback_hours,rank,player_id,player_name,position,team,count
2026-09-29T22:52:53.595986+00:00,add,1,1,12495,Ollie Gordon,RB,MIA,300776
2026-09-29T22:52:53.595986+00:00,add,1,2,11576,Braelon Allen,RB,NYJ,137416
2026-09-29T22:52:53.595986+00:00,add,1,3,13330,Kenyon Sadiq,TE,NYJ,125865
2026-09-29T22:52:53.595986+00:00,add,1,4,12718,Konata Mumpfield,WR,LAR,50103
2026-09-29T22:52:53.595986+00:00,add,1,5,3271,Tyler Higbee,TE,LAR,44541
2026-09-29T22:52:53.595986+00:00,add,1,6,4035,Alvin Kamara,RB,NO,39016
2026-09-29T22:52:53.595986+00:00,add,1,7,3634,Kalif Raymond,WR,CHI,37672
2026-09-29T22:52:53.595986+00:00,add,1,8,1479,Keenan Allen,WR,IND,28924
2026-09-29T22:52:53.595986+00:00,add,1,9,9511,Keaton Mitchell,RB,LAC,28377
2026-09-29T22:52:53.595986+00:00,add,1,10,3321,Tyreek Hill,WR,,24552
2026-09-29T22:52:53.595986+00:00,add,1,11,2505,Darren Waller,TE,CAR,23265
2026-09-29T22:52:53.595986+00:00,add,1,12,11643,Jaylen Wright,RB,MIA,20634
2026-09-29T22:52:53.595986+00:00,add,1,13,9756,Jordan Addison,WR,MIN,19368
2026-09-29T22:52:53.595986+00:00,add,1,14,11571,Isaiah Davis,RB,NYJ,18288
2026-09-29T22:52:53.595986+00:00,add,1,15,13311,Chris Bell,WR,MIA,17668
2026-09-29T22:52:53.595986+00:00,add,1,16,BAL,Baltimore Ravens,DEF,BAL,17322
2026-09-29T22:52:53.595986+00:00,add,1,17,1166,Kirk Cousins,QB,LV,16312
2026-09-29T22:52:53.595986+00:00,add,1,18,9757,Kendre Miller,RB,NO,15480
2026-09-29T22:52:53.595986+00:00,add,1,19,MIN,Minnesota Vikings,DEF,MIN,14700
2026-09-29T22:52:53.595986+00:00,add,1,20,11630,Roman Wilson,WR,PIT,14391
2026-09-29T22:52:53.595986+00:00,add,1,21,CLE,Cleveland Browns,DEF,CLE,14112
2026-09-29T22:52:53.595986+00:00,add,1,22,LV,Las Vegas Raiders,DEF,LV,14028
2026-09-29T22:52:53.595986+00:00,add,1,23,PIT,Pittsburgh Steelers,DEF,PIT,12945
2026-09-29T22:52:53.595986+00:00,add,1,24,5947,Jakobi Meyers,WR,JAX,11874
2026-09-29T22:52:53.595986+00:00,add,1,25,13425,Jalon Daniels,QB,TB,8892
2026-09-29T22:52:53.595986+00:00,add,1,26,11610,Malik Washington,WR,MIA,8320
2026-09-29T22:52:53.595986+00:00,add,1,27,10232,Michael Wilson,WR,ARI,8298
2026-09-29T22:52:53.595986+00:00,add,1,28,4017,Deshaun Watson,QB,CLE,8216
2026-09-29T22:52:53.595986+00:00,add,1,29,4943,Sam Darnold,QB,SEA,7890
2026-09-29T22:52:53.595986+00:00,add,1,30,2307,Marcus Mariota,QB,WAS,6956
2026-09-29T22:52:53.595986+00:00,add,1,31,8168,Skyy Moore,WR,GB,5936
2026-09-29T22:52:53.595986+00:00,add,1,32,1737,Case Keenum,QB,CHI,5902
2026-09-29T22:52:53.595986+00:00,add,1,33,4663,Austin Ekeler,RB,WAS,5772
2026-09-29T22:52:53.595986+00:00,add,1,34,7002,Juwan Johnson,TE,NO,5616
2026-09-29T22:52:53.595986+00:00,add,1,35,8154,Brian Robinson,RB,ATL,5520
2026-09-29T22:52:53.595986+00:00,add,1,36,12501,Matthew Golden,WR,GB,5397
2026-09-29T22:52:53.595986+00:00,add,1,37,12545,Tyler Shough,QB,NO,5392
2026-09-29T22:52:53.595986+00:00,add,1,38,12472,Raheim Sanders,RB,CLE,5336
2026-09-29T22:52:53.595986+00:00,add,1,39,CHI,Chicago Bears,DEF,CHI,5269
2026-09-29T22:52:53.595986+00:00,add,1,40,6650,Chase McLaughlin,K,TB,4896
2026-09-29T22:52:53.595986+00:00,add,1,41,12711,Tyler Loop,K,BAL,4386
2026-09-29T22:52:53.595986+00:00,add,1,42,9758,C.J. Stroud,QB,HOU,4151
2026-09-29T22:52:53.595986+00:00,add,1,43,11603,AJ Barner,TE,SEA,4104
2026-09-29T22:52:53.595986+00:00,add,1,44,5849,Kyler Murray,QB,MIN,4048
2026-09-29T22:52:53.595986+00:00,add,1,45,12185,Spencer Shrader,K,IND,4018
2026-09-29T22:52:53.595986+00:00,add,1,46,ARI,Arizona Cardinals,DEF,ARI,3880
2026-09-29T22:52:53.595986+00:00,add,1,47,12492,Pat Bryant,WR,DEN,3576
2026-09-29T22:52:53.595986+00:00,add,1,48,12509,Tre' Harris,WR,LAC,3540
2026-09-29T22:52:53.595986+00:00,add,1,49,6083,Matt Gay,K,LV,3530
2026-09-29T22:52:53.595986+00:00,add,1,50,11792,Will Reichard,K,MIN,3483
2026-09-29T22:52:53.595986+00:00,add,1,51,12506,Harold Fannin,TE,CLE,3310
2026-09-29T22:52:53.595986+00:00,add,1,52,13264,Dohnte Meyers,WR,CIN,3258
2026-09-29T22:52:53.595986+00:00,add,1,53,7049,Jauan Jennings,WR,MIN,3171
2026-09-29T22:52:53.595986+00:00,add,1,54,9480,Brenton Strange,TE,JAX,3024
2026-09-29T22:52:53.595986+00:00,add,1,55,4177,Mack Hollins,WR,NE,2802
2026-09-29T22:52:53.595986+00:00,add,1,56,BUF,Buffalo Bills,DEF,BUF,2761
2026-09-29T22:52:53.595986+00:00,add,1,57,JAX,Jacksonville Jaguars,DEF,JAX,2670
2026-09-29T22:52:53.595986+00:00,add,1,58,11157,Brycen Tremayne,WR,CAR,2583
2026-09-29T22:52:53.595986+00:00,add,1,59,6039,Ty Johnson,RB,BUF,2214
2026-09-29T22:52:53.595986+00:00,add,1,60,12573,Mason Graham,DL,CLE,2212
2026-09-29T22:52:53.595986+00:00,add,1,61,12634,Jordan Watkins,WR,SF,2180
2026-09-29T22:52:53.595986+00:00,add,1,62,12533,Jacory Croskey-Merritt,RB,WAS,2169
2026-09-29T22:52:53.595986+00:00,add,1,63,8136,Rachaad White,RB,WAS,2127
2026-09-29T22:52:53.595986+00:00,add,1,64,11625,Adonai Mitchell,WR,NYJ,2096
2026-09-29T22:52:53.595986+00:00,add,1,65,12519,Luther Burden,WR,CHI,2064
2026-09-29T22:52:53.595986+00:00,add,1,66,11729,Sione Vaki,RB,DET,2037
2026-09-29T22:52:53.595986+00:00,add,1,67,7528,Najee Harris,RB,NYG,2035
2026-09-29T22:52:53.595986+00:00,add,1,68,13281,Jordyn Tyson,WR,NO,2032
2026-09-29T22:52:53.595986+00:00,add,1,69,11563,Bo Nix,QB,DEN,2022
2026-09-29T22:52:53.595986+00:00,add,1,70,11581,MarShawn Lloyd,RB,GB,1962
2026-09-29T22:52:53.595986+00:00,add,1,71,9500,Josh Downs,WR,IND,1945
2026-09-29T22:52:53.595986+00:00,add,1,72,8207,Tyler Goodson,RB,DAL,1788
2026-09-29T22:52:53.595986+00:00,add,1,73,13298,KC Concepcion,WR,CLE,1746
2026-09-29T22:52:53.595986+00:00,add,1,74,4199,Aaron Jones,RB,MIN,1728
2026-09-29T22:52:53.595986+00:00,add,1,75,1373,Geno Smith,QB,NYJ,1684
2026-09-29T22:52:53.595986+00:00,add,1,76,10219,Chris Rodriguez,RB,JAX,1683
2026-09-29T22:52:53.595986+00:00,add,1,77,5870,Daniel Jones,QB,IND,1655
2026-09-29T22:52:53.595986+00:00,add,1,78,13317,Ted Hurst,WR,TB,1650
2026-09-29T22:52:53.595986+00:00,add,1,79,11834,Devaughn Vele,WR,NO,1603
2026-09-29T22:52:53.595986+00:00,add,1,80,NO,New Orleans Saints,DEF,NO,1595
2026-09-29T22:52:53.595986+00:00,add,1,81,11559,Michael Penix,QB,ATL,1581
2026-09-29T22:52:53.595986+00:00,add,1,82,GB,Green Bay Packers,DEF,GB,1575
2026-09-29T22:52:53.595986+00:00,add,1,83,4993,Mike Gesicki,TE,CIN,1568
2026-09-29T22:52:53.595986+00:00,add,1,84,13394,Josh Cameron,WR,JAX,1508
2026-09-29T22:52:53.595986+00:00,add,1,85,11565,J.J. McCarthy,QB,NYG,1497
2026-09-29T22:52:53.595986+00:00,add,1,86,421,Matthew Stafford,QB,LAR,1467
2026-09-29T22:52:53.595986+00:00,add,1,87,8126,Wan'Dale Robinson,WR,TEN,1458
2026-09-29T22:52:53.595986+00:00,add,1,88,13277,CJ Donaldson,RB,NO,1422
2026-09-29T22:52:53.595986+00:00,add,1,89,9753,Zach Charbonnet,RB,SEA,1362
2026-09-29T22:52:53.595986+00:00,add,1,90,13337,Emmett Johnson,RB,KC,1296
2026-09-29T22:52:53.595986+00:00,add,1,91,7567,Kenny Gainwell,RB,TB,1296
2026-09-29T22:52:53.595986+00:00,add,1,92,4098,Kareem Hunt,RB,,1288
2026-09-29T22:52:53.595986+00:00,add,1,93,11783,Ryan Flournoy,WR,DAL,1248
2026-09-29T22:52:53.595986+00:00,add,1,94,9487,Parker Washington,WR,JAX,1242
2026-09-29T22:52:53.595986+00:00,add,1,95,11435,Emanuel Wilson,RB,SEA,1206
2026-09-29T22:52:53.595986+00:00,add,1,96,13296,Caleb Douglas,WR,MIA,1184
2026-09-29T22:52:53.595986+00:00,add,1,97,9228,Bryce Young,QB,CAR,1180
2026-09-29T22:52:53.595986+00:00,add,1,98,5927,Terry McLaurin,WR,WAS,1170
2026-09-29T22:52:53.595986+00:00,add,1,99,12490,Bhayshul Tuten,RB,JAX,1136
2026-09-29T22:52:53.595986+00:00,add,1,100,13294,Makai Lemon,WR,PHI,1096
2026-09-29T22:52:53.595986+00:00,drop,1,1,11581,MarShawn Lloyd,RB,GB,48159
2026-09-29T22:52:53.595986+00:00,drop,1,2,9226,De'Von Achane,RB,MIA,47130
2026-09-29T22:52:53.595986+00:00,drop,1,3,12487,Terrance Ferguson,TE,LAR,45376
2026-09-29T22:52:53.595986+00:00,drop,1,4,11435,Emanuel Wilson,RB,SEA,40923
2026-09-29T22:52:53.595986+00:00,drop,1,5,9225,Tank Bigsby,RB,PHI,23611
2026-09-29T22:52:53.595986+00:00,drop,1,6,6130,Devin Singletary,RB,NYG,21771
2026-09-29T22:52:53.595986+00:00,drop,1,7,9754,Quentin Johnston,WR,LAC,19754
2026-09-29T22:52:53.595986+00:00,drop,1,8,12493,Oronde Gadsden,TE,LAC,19150
2026-09-29T22:52:53.595986+00:00,drop,1,9,8134,Khalil Shakir,WR,BUF,18819
2026-09-29T22:52:53.595986+00:00,drop,1,10,11637,Keon Coleman,WR,BUF,17865
2026-09-29T22:52:53.595986+00:00,drop,1,11,5012,Mark Andrews,TE,BAL,16911
2026-09-29T22:52:53.595986+00:00,drop,1,12,7567,Kenny Gainwell,RB,TB,16832
2026-09-29T22:52:53.595986+00:00,drop,1,13,11625,Adonai Mitchell,WR,NYJ,16224
2026-09-29T22:52:53.595986+00:00,drop,1,14,13337,Emmett Johnson,RB,KC,15849
2026-09-29T22:52:53.595986+00:00,drop,1,15,SF,San Francisco 49ers,DEF,SF,15828
2026-09-29T22:52:53.595986+00:00,drop,1,16,13296,Caleb Douglas,WR,MIA,14936
2026-09-29T22:52:53.595986+00:00,drop,1,17,4037,Chris Godwin,WR,TB,14040
2026-09-29T22:52:53.595986+00:00,drop,1,18,8121,Romeo Doubs,WR,NE,13472
2026-09-29T22:52:53.595986+00:00,drop,1,19,NE,New England Patriots,DEF,NE,13265
2026-09-29T22:52:53.595986+00:00,drop,1,20,13298,KC Concepcion,WR,CLE,13239
2026-09-29T22:52:53.595986+00:00,drop,1,21,1339,Zach Ertz,TE,PHI,12915
2026-09-29T22:52:53.595986+00:00,drop,1,22,13414,Kaelon Black,RB,SF,12852
2026-09-29T22:52:53.595986+00:00,drop,1,23,10222,Jayden Reed,WR,GB,12843
2026-09-29T22:52:53.595986+00:00,drop,1,24,7553,Kyle Pitts,TE,ATL,12047
2026-09-29T22:52:53.595986+00:00,drop,1,25,11631,Brian Thomas,WR,JAX,11285
2026-09-29T22:52:53.595986+00:00,drop,1,26,10218,Xavier Hutchinson,WR,HOU,11018
2026-09-29T22:52:53.595986+00:00,drop,1,27,10213,Tre Tucker,WR,LV,10668
2026-09-29T22:52:53.595986+00:00,drop,1,28,10219,Chris Rodriguez,RB,JAX,10008
2026-09-29T22:52:53.595986+00:00,drop,1,29,8132,Tyler Allgeier,RB,ARI,10005
2026-09-29T22:52:53.595986+00:00,drop,1,30,11624,Xavier Worthy,WR,KC,9684
2026-09-29T22:52:53.595986+00:00,drop,1,31,NYG,New York Giants,DEF,NYG,9116
2026-09-29T22:52:53.595986+00:00,drop,1,32,8180,Jalen Nailor,WR,LV,8964
2026-09-29T22:52:53.595986+00:00,drop,1,33,9482,Michael Mayer,TE,LV,8784
2026-09-29T22:52:53.595986+00:00,drop,1,34,5849,Kyler Murray,QB,MIN,8728
2026-09-29T22:52:53.595986+00:00,drop,1,35,DET,Detroit Lions,DEF,DET,8676
2026-09-29T22:52:53.595986+00:00,drop,1,36,6819,Michael Pittman,WR,PIT,8530
2026-09-29T22:52:53.595986+00:00,drop,1,37,5045,Courtland Sutton,WR,DEN,7407
2026-09-29T22:52:53.595986+00:00,drop,1,38,8161,Malik Willis,QB,MIA,7175
2026-09-29T22:52:53.595986+00:00,drop,1,39,13285,Malachi Fields,WR,NYG,7120
2026-09-29T22:52:53.595986+00:00,drop,1,40,11628,Marvin Harrison,WR,ARI,7040
2026-09-29T22:52:53.595986+00:00,drop,1,41,11586,Blake Corum,RB,LAR,6784
2026-09-29T22:52:53.595986+00:00,drop,1,42,3321,Tyreek Hill,WR,,6600
2026-09-29T22:52:53.595986+00:00,drop,1,43,13286,Jadarian Price,RB,SEA,6588
2026-09-29T22:52:53.595986+00:00,drop,1,44,13545,Trey Smack,K,GB,6520
2026-09-29T22:52:53.595986+00:00,drop,1,45,7021,Rico Dowdle,RB,PIT,6500
2026-09-29T22:52:53.595986+00:00,drop,1,46,6828,AJ Dillon,RB,CAR,6496
2026-09-29T22:52:53.595986+00:00,drop,1,47,9486,Dontayvion Wicks,WR,PHI,6315
2026-09-29T22:52:53.595986+00:00,drop,1,48,9480,Brenton Strange,TE,JAX,6048
2026-09-29T22:52:53.595986+00:00,drop,1,49,6783,Jerry Jeudy,WR,CLE,5697
2026-09-29T22:52:53.595986+00:00,drop,1,50,11834,Devaughn Vele,WR,NO,5558
2026-09-29T22:52:53.595986+00:00,drop,1,51,13294,Makai Lemon,WR,PHI,5488
2026-09-29T22:52:53.595986+00:00,drop,1,52,11608,Isaiah Williams,WR,NYJ,5358
2026-09-29T22:52:53.595986+00:00,drop,1,53,7571,Rashod Bateman,WR,BAL,5191
2026-09-29T22:52:53.595986+00:00,drop,1,54,2078,Odell Beckham,WR,NYG,4928
2026-09-29T22:52:53.595986+00:00,drop,1,55,8188,Tyquan Thornton,WR,KC,4816
2026-09-29T22:52:53.595986+00:00,drop,1,56,3214,Hunter Henry,TE,NE,4689
2026-09-29T22:52:53.595986+00:00,drop,1,57,9758,C.J. Stroud,QB,HOU,4606
2026-09-29T22:52:53.595986+00:00,drop,1,58,13345,Jonah Coleman,RB,DEN,4522
2026-09-29T22:52:53.595986+00:00,drop,1,59,5995,Justice Hill,RB,BAL,4500
2026-09-29T22:52:53.595986+00:00,drop,1,60,NO,New Orleans Saints,DEF,NO,4470
2026-09-29T22:52:53.595986+00:00,drop,1,61,CAR,Carolina Panthers,DEF,CAR,4419
2026-09-29T22:52:53.595986+00:00,drop,1,62,2505,Darren Waller,TE,CAR,4149
2026-09-29T22:52:53.595986+00:00,drop,1,63,7543,Travis Etienne,RB,NO,4092
2026-09-29T22:52:53.595986+00:00,drop,1,64,11566,Jayden Daniels,QB,WAS,3928
2026-09-29T22:52:53.595986+00:00,drop,1,65,9508,Tyjae Spears,RB,TEN,3922
2026-09-29T22:52:53.595986+00:00,drop,1,66,11256,Tyson Bagent,QB,CHI,3870
2026-09-29T22:52:53.595986+00:00,drop,1,67,11610,Malik Washington,WR,MIA,3744
2026-09-29T22:52:53.595986+00:00,drop,1,68,11539,Jake Bates,K,DET,3648
2026-09-29T22:52:53.595986+00:00,drop,1,69,4066,Evan Engram,TE,DEN,3496
2026-09-29T22:52:53.595986+00:00,drop,1,70,12534,Kyle Monangai,RB,CHI,3486
2026-09-29T22:52:53.595986+00:00,drop,1,71,3161,Carson Wentz,QB,MIN,3474
2026-09-29T22:52:53.595986+00:00,drop,1,72,9511,Keaton Mitchell,RB,LAC,3357
2026-09-29T22:52:53.595986+00:00,drop,1,73,11620,Rome Odunze,WR,CHI,3318
2026-09-29T22:52:53.595986+00:00,drop,1,74,4035,Alvin Kamara,RB,NO,3256
2026-09-29T22:52:53.595986+00:00,drop,1,75,6650,Chase McLaughlin,K,TB,3232
2026-09-29T22:52:53.595986+00:00,drop,1,76,TB,Tampa Bay Buccaneers,DEF,TB,3210
2026-09-29T22:52:53.595986+00:00,drop,1,77,12492,Pat Bryant,WR,DEN,3136
2026-09-29T22:52:53.595986+00:00,drop,1,78,12533,Jacory Croskey-Merritt,RB,WAS,3078
2026-09-29T22:52:53.595986+00:00,drop,1,79,12530,Travis Hunter,DB,JAX,3018
2026-09-29T22:52:53.595986+00:00,drop,1,80,11583,Jonathon Brooks,RB,CAR,2816
2026-09-29T22:52:53.595986+00:00,drop,1,81,13413,Cyrus Allen,WR,KC,2784
2026-09-29T22:52:53.595986+00:00,drop,1,82,10235,Roschon Johnson,RB,CHI,2776
2026-09-29T22:52:53.595986+00:00,drop,1,83,5189,Eddy Pineiro,K,SF,2775
2026-09-29T22:52:53.595986+00:00,drop,1,84,7090,Darnell Mooney,WR,NYG,2772
2026-09-29T22:52:53.595986+00:00,drop,1,85,8800,Malik Davis,RB,DAL,2718
2026-09-29T22:52:53.595986+00:00,drop,1,86,13347,Demond Claiborne,RB,MIN,2577
2026-09-29T22:52:53.595986+00:00,drop,1,87,4227,Harrison Butker,K,KC,2576
2026-09-29T22:52:53.595986+00:00,drop,1,88,9506,Sean Tucker,RB,TB,2556
2026-09-29T22:52:53.595986+00:00,drop,1,89,11783,Ryan Flournoy,WR,DAL,2440
2026-09-29T22:52:53.595986+00:00,drop,1,90,9228,Bryce Young,QB,CAR,2432
2026-09-29T22:52:53.595986+00:00,drop,1,91,3286,Demarcus Robinson,WR,SF,2412
2026-09-29T22:52:53.595986+00:00,drop,1,92,9502,Tank Dell,WR,HOU,2392
2026-09-29T22:52:53.595986+00:00,drop,1,93,7611,Rhamondre Stevenson,RB,NE,2385
2026-09-29T22:52:53.595986+00:00,drop,1,94,HOU,Houston Texans,DEF,HOU,2375
2026-09-29T22:52:53.595986+00:00,drop,1,95,GB,Green Bay Packers,DEF,GB,2291
2026-09-29T22:52:53.595986+00:00,drop,1,96,JAX,Jacksonville Jaguars,DEF,JAX,2256
2026-09-29T22:52:53.595986+00:00,drop,1,97,8205,Isiah Pacheco,RB,DET,2168
2026-09-29T22:52:53.595986+00:00,drop,1,98,7049,Jauan Jennings,WR,MIN,2086
2026-09-29T22:52:53.595986+00:00,drop,1,99,8110,Jake Ferguson,TE,DAL,2010
2026-09-29T22:52:53.595986+00:00,drop,1,100,8154,Brian Robinson,RB,ATL,1986
