trend_type,player_id,player_name,position,team,current_rank,current_count,previous_rank,previous_count,minutes_elapsed,rank_change,count_change,count_velocity_per_hour,timestamp_utc
add,11435,Emanuel Wilson,RB,SEA,1,8208,1,15003,27.67,0,-6795,-14733.53,2026-10-03T09:44:33.675573+00:00
add,11630,Roman Wilson,WR,PIT,2,4041,2,7182,27.67,0,-3141,-6810.6,2026-10-03T09:44:33.675573+00:00
add,7049,Jauan Jennings,WR,MIN,3,2674,3,4669,27.67,0,-1995,-4325.74,2026-10-03T09:44:33.675573+00:00
add,11571,Isaiah Davis,RB,NYJ,4,1755,4,3006,27.67,0,-1251,-2712.53,2026-10-03T09:44:33.675573+00:00
add,2505,Darren Waller,TE,CAR,5,1269,6,2178,27.67,1,-909,-1970.98,2026-10-03T09:44:33.675573+00:00
add,11256,Tyson Bagent,QB,CHI,6,1254,7,2088,27.67,1,-834,-1808.35,2026-10-03T09:44:33.675573+00:00
add,3271,Tyler Higbee,TE,LAR,7,1197,5,2511,27.67,-2,-1314,-2849.13,2026-10-03T09:44:33.675573+00:00
add,3321,Tyreek Hill,WR,,8,1008,8,1792,27.67,0,-784,-1699.94,2026-10-03T09:44:33.675573+00:00
add,13294,Makai Lemon,WR,PHI,9,944,10,1656,27.67,1,-712,-1543.82,2026-10-03T09:44:33.675573+00:00
add,4663,Austin Ekeler,RB,WAS,10,936,9,1704,27.67,-1,-768,-1665.25,2026-10-03T09:44:33.675573+00:00
add,13311,Chris Bell,WR,MIA,11,805,12,1344,27.67,1,-539,-1168.71,2026-10-03T09:44:33.675573+00:00
add,9486,Dontayvion Wicks,WR,PHI,12,774,11,1404,27.67,-1,-630,-1366.02,2026-10-03T09:44:33.675573+00:00
add,9756,Jordan Addison,WR,MIN,13,765,13,1197,27.67,0,-432,-936.7,2026-10-03T09:44:33.675573+00:00
add,LV,Las Vegas Raiders,DEF,LV,14,618,14,1098,27.67,0,-480,-1040.78,2026-10-03T09:44:33.675573+00:00
add,ARI,Arizona Cardinals,DEF,ARI,15,584,17,968,27.67,2,-384,-832.62,2026-10-03T09:44:33.675573+00:00
add,12533,Jacory Croskey-Merritt,RB,WAS,16,549,19,918,27.67,3,-369,-800.1,2026-10-03T09:44:33.675573+00:00
add,12509,Tre' Harris,WR,LAC,17,548,15,1072,27.67,-2,-524,-1136.18,2026-10-03T09:44:33.675573+00:00
add,9758,C.J. Stroud,QB,HOU,18,539,18,938,27.67,0,-399,-865.15,2026-10-03T09:44:33.675573+00:00
add,12718,Konata Mumpfield,WR,LAR,19,495,16,1008,27.67,-3,-513,-1112.33,2026-10-03T09:44:33.675573+00:00
add,13150,Darius Cooper,WR,PHI,20,462,22,854,27.67,2,-392,-849.97,2026-10-03T09:44:33.675573+00:00
add,11610,Malik Washington,WR,MIA,21,448,21,856,27.67,0,-408,-884.66,2026-10-03T09:44:33.675573+00:00
add,13298,KC Concepcion,WR,CLE,22,414,26,666,27.67,4,-252,-546.41,2026-10-03T09:44:33.675573+00:00
add,4017,Deshaun Watson,QB,CLE,23,392,27,640,27.67,4,-248,-537.74,2026-10-03T09:44:33.675573+00:00
add,9511,Keaton Mitchell,RB,LAC,24,387,23,801,27.67,-1,-414,-897.67,2026-10-03T09:44:33.675573+00:00
add,4035,Alvin Kamara,RB,NO,25,384,24,760,27.67,-1,-376,-815.28,2026-10-03T09:44:33.675573+00:00
add,11581,MarShawn Lloyd,RB,GB,26,369,25,711,27.67,-1,-342,-741.56,2026-10-03T09:44:33.675573+00:00
add,13330,Kenyon Sadiq,TE,NYJ,27,360,20,900,27.67,-7,-540,-1170.88,2026-10-03T09:44:33.675573+00:00
add,11643,Jaylen Wright,RB,MIA,28,312,29,554,27.67,1,-242,-524.73,2026-10-03T09:44:33.675573+00:00
add,9753,Zach Charbonnet,RB,SEA,29,306,28,609,27.67,-1,-303,-656.99,2026-10-03T09:44:33.675573+00:00
add,5947,Jakobi Meyers,WR,JAX,30,288,33,510,27.67,3,-222,-481.36,2026-10-03T09:44:33.675573+00:00
add,8154,Brian Robinson,RB,ATL,31,288,37,438,27.67,6,-150,-325.24,2026-10-03T09:44:33.675573+00:00
add,11608,Isaiah Williams,WR,NYJ,32,276,30,546,27.67,-2,-270,-585.44,2026-10-03T09:44:33.675573+00:00
add,9480,Brenton Strange,TE,JAX,33,270,32,531,27.67,-1,-261,-565.92,2026-10-03T09:44:33.675573+00:00
add,2307,Marcus Mariota,QB,WAS,34,268,36,448,27.67,2,-180,-390.29,2026-10-03T09:44:33.675573+00:00
add,12492,Pat Bryant,WR,DEN,35,264,46,360,27.67,11,-96,-208.16,2026-10-03T09:44:33.675573+00:00
add,4177,Mack Hollins,WR,NE,36,258,31,531,27.67,-5,-273,-591.94,2026-10-03T09:44:33.675573+00:00
add,5849,Kyler Murray,QB,MIN,37,240,47,352,27.67,10,-112,-242.85,2026-10-03T09:44:33.675573+00:00
add,6083,Matt Gay,K,LV,38,235,35,465,27.67,-3,-230,-498.71,2026-10-03T09:44:33.675573+00:00
add,11603,AJ Barner,TE,SEA,39,228,42,402,27.67,3,-174,-377.28,2026-10-03T09:44:33.675573+00:00
add,12185,Spencer Shrader,K,IND,40,220,40,422,27.67,0,-202,-437.99,2026-10-03T09:44:33.675573+00:00
add,6650,Chase McLaughlin,K,TB,41,216,41,416,27.67,0,-200,-433.66,2026-10-03T09:44:33.675573+00:00
add,6039,Ty Johnson,RB,BUF,42,210,49,348,27.67,7,-138,-299.22,2026-10-03T09:44:33.675573+00:00
add,8168,Skyy Moore,WR,GB,43,200,34,480,27.67,-9,-280,-607.12,2026-10-03T09:44:33.675573+00:00
add,9757,Kendre Miller,RB,NO,44,200,43,394,27.67,-1,-194,-420.65,2026-10-03T09:44:33.675573+00:00
add,13337,Emmett Johnson,RB,KC,45,198,54,315,27.67,9,-117,-253.69,2026-10-03T09:44:33.675573+00:00
add,1479,Keenan Allen,WR,IND,46,196,60,284,27.67,14,-88,-190.81,2026-10-03T09:44:33.675573+00:00
add,1166,Kirk Cousins,QB,LV,47,192,39,432,27.67,-8,-240,-520.39,2026-10-03T09:44:33.675573+00:00
add,5045,Courtland Sutton,WR,DEN,48,189,55,306,27.67,7,-117,-253.69,2026-10-03T09:44:33.675573+00:00
add,12495,Ollie Gordon,RB,MIA,49,189,51,329,27.67,2,-140,-303.56,2026-10-03T09:44:33.675573+00:00
add,10232,Michael Wilson,WR,ARI,50,189,44,378,27.67,-6,-189,-409.81,2026-10-03T09:44:33.675573+00:00
add,5995,Justice Hill,RB,BAL,51,189,58,288,27.67,7,-99,-214.66,2026-10-03T09:44:33.675573+00:00
add,11834,Devaughn Vele,WR,NO,52,182,38,434,27.67,-14,-252,-546.41,2026-10-03T09:44:33.675573+00:00
add,3634,Kalif Raymond,WR,CHI,53,182,45,376,27.67,-8,-194,-420.65,2026-10-03T09:44:33.675573+00:00
add,10219,Chris Rodriguez,RB,JAX,54,171,70,243,27.67,16,-72,-156.12,2026-10-03T09:44:33.675573+00:00
add,6794,Justin Jefferson,WR,MIN,55,168,100,161,27.67,45,7,15.18,2026-10-03T09:44:33.675573+00:00
add,11792,Will Reichard,K,MIN,56,165,50,330,27.67,-6,-165,-357.77,2026-10-03T09:44:33.675573+00:00
add,11157,Brycen Tremayne,WR,CAR,57,162,48,351,27.67,-9,-189,-409.81,2026-10-03T09:44:33.675573+00:00
add,11729,Sione Vaki,RB,DET,58,154,59,287,27.67,1,-133,-288.38,2026-10-03T09:44:33.675573+00:00
add,11566,Jayden Daniels,QB,WAS,59,144,65,256,27.67,6,-112,-242.85,2026-10-03T09:44:33.675573+00:00
add,11783,Ryan Flournoy,WR,DAL,60,144,66,256,27.67,6,-112,-242.85,2026-10-03T09:44:33.675573+00:00
add,JAX,Jacksonville Jaguars,DEF,JAX,61,144,53,324,27.67,-8,-180,-390.29,2026-10-03T09:44:33.675573+00:00
add,11576,Braelon Allen,RB,NYJ,62,144,56,292,27.67,-6,-148,-320.91,2026-10-03T09:44:33.675573+00:00
add,13414,Kaelon Black,RB,SF,63,140,84,196,27.67,21,-56,-121.42,2026-10-03T09:44:33.675573+00:00
add,GB,Green Bay Packers,DEF,GB,64,139,62,266,27.67,-2,-127,-275.37,2026-10-03T09:44:33.675573+00:00
add,9502,Tank Dell,WR,HOU,65,136,73,376,220.06,8,-240,-65.44,2026-10-03T09:44:33.675573+00:00
add,12545,Tyler Shough,QB,NO,66,136,67,256,27.67,1,-120,-260.19,2026-10-03T09:44:33.675573+00:00
add,CHI,Chicago Bears,DEF,CHI,67,134,69,248,27.67,2,-114,-247.19,2026-10-03T09:44:33.675573+00:00
add,12501,Matthew Golden,WR,GB,68,133,82,203,27.67,14,-70,-151.78,2026-10-03T09:44:33.675573+00:00
add,9754,Quentin Johnston,WR,LAC,69,133,90,175,27.67,21,-42,-91.07,2026-10-03T09:44:33.675573+00:00
add,BUF,Buffalo Bills,DEF,BUF,70,132,78,213,27.67,8,-81,-175.63,2026-10-03T09:44:33.675573+00:00
add,13277,CJ Donaldson,RB,NO,71,129,52,327,27.67,-19,-198,-429.32,2026-10-03T09:44:33.675573+00:00
add,13281,Jordyn Tyson,WR,NO,72,128,83,200,27.67,11,-72,-156.12,2026-10-03T09:44:33.675573+00:00
add,13317,Ted Hurst,WR,TB,73,126,89,180,27.67,16,-54,-117.09,2026-10-03T09:44:33.675573+00:00
add,MIN,Minnesota Vikings,DEF,MIN,74,120,64,260,27.67,-10,-140,-303.56,2026-10-03T09:44:33.675573+00:00
add,12617,Demetrius Knight,LB,CIN,75,120,74,224,27.67,-1,-104,-225.5,2026-10-03T09:44:33.675573+00:00
add,10213,Tre Tucker,WR,LV,76,120,75,222,27.67,-1,-102,-221.17,2026-10-03T09:44:33.675573+00:00
add,4037,Chris Godwin,WR,TB,77,120,98,162,27.67,21,-42,-91.07,2026-10-03T09:44:33.675573+00:00
add,7553,Kyle Pitts,TE,ATL,78,119,76,217,27.67,-2,-98,-212.49,2026-10-03T09:44:33.675573+00:00
add,13286,Jadarian Price,RB,SEA,79,117,72,234,27.67,-7,-117,-253.69,2026-10-03T09:44:33.675573+00:00
add,7528,Najee Harris,RB,NYG,80,115,88,185,27.67,8,-70,-151.78,2026-10-03T09:44:33.675573+00:00
add,9500,Josh Downs,WR,IND,81,115,71,240,27.67,-10,-125,-271.04,2026-10-03T09:44:33.675573+00:00
add,4039,Cooper Kupp,WR,SEA,82,114,88,198,178.95,6,-84,-28.16,2026-10-03T09:44:33.675573+00:00
add,9228,Bryce Young,QB,CAR,83,112,80,204,27.67,-3,-92,-199.48,2026-10-03T09:44:33.675573+00:00
add,12711,Tyler Loop,K,BAL,84,108,63,264,27.67,-21,-156,-338.25,2026-10-03T09:44:33.675573+00:00
add,11624,Xavier Worthy,WR,KC,85,108,79,207,27.67,-6,-99,-214.66,2026-10-03T09:44:33.675573+00:00
add,4993,Mike Gesicki,TE,CIN,86,108,77,216,27.67,-9,-108,-234.18,2026-10-03T09:44:33.675573+00:00
add,7567,Kenny Gainwell,RB,TB,87,104,57,288,27.67,-30,-184,-398.97,2026-10-03T09:44:33.675573+00:00
add,12634,Jordan Watkins,WR,SF,88,104,92,172,27.67,4,-68,-147.44,2026-10-03T09:44:33.675573+00:00
add,11563,Bo Nix,QB,DEN,89,102,87,186,27.67,-2,-84,-182.14,2026-10-03T09:44:33.675573+00:00
add,11631,Brian Thomas,WR,JAX,90,100,88,315,146.5,-2,-215,-88.06,2026-10-03T09:44:33.675573+00:00
add,5870,Daniel Jones,QB,IND,91,100,61,270,27.67,-30,-170,-368.61,2026-10-03T09:44:33.675573+00:00
add,13264,Dohnte Meyers,WR,CIN,92,99,68,252,27.67,-24,-153,-331.75,2026-10-03T09:44:33.675573+00:00
add,1339,Zach Ertz,TE,PHI,93,99,97,162,27.67,4,-63,-136.6,2026-10-03T09:44:33.675573+00:00
add,4943,Sam Darnold,QB,SEA,94,99,91,174,27.67,-3,-75,-162.62,2026-10-03T09:44:33.675573+00:00
add,13425,Jalon Daniels,QB,TB,95,94,85,190,27.67,-10,-96,-208.16,2026-10-03T09:44:33.675573+00:00
add,9225,Tank Bigsby,RB,PHI,96,91,,,,,,,2026-10-03T09:44:33.675573+00:00
add,8134,Khalil Shakir,WR,BUF,97,90,93,171,27.67,-4,-81,-175.63,2026-10-03T09:44:33.675573+00:00
add,8121,Romeo Doubs,WR,NE,98,88,73,232,27.67,-25,-144,-312.23,2026-10-03T09:44:33.675573+00:00
add,13825,Malik McClain,WR,NYJ,99,88,68,320,87.58,-31,-232,-158.95,2026-10-03T09:44:33.675573+00:00
add,13424,Seth McGowan,RB,IND,100,88,98,752,1076.88,-2,-664,-37.0,2026-10-03T09:44:33.675573+00:00
drop,12487,Terrance Ferguson,TE,LAR,1,1088,1,1776,27.67,0,-688,-1491.78,2026-10-03T09:44:33.675573+00:00
drop,12718,Konata Mumpfield,WR,LAR,2,981,2,1521,27.67,0,-540,-1170.88,2026-10-03T09:44:33.675573+00:00
drop,11625,Adonai Mitchell,WR,NYJ,3,816,3,1368,27.67,0,-552,-1196.9,2026-10-03T09:44:33.675573+00:00
drop,NE,New England Patriots,DEF,NE,4,777,6,1099,27.67,2,-322,-698.19,2026-10-03T09:44:33.675573+00:00
drop,11581,MarShawn Lloyd,RB,GB,5,765,4,1305,27.67,-1,-540,-1170.88,2026-10-03T09:44:33.675573+00:00
drop,10222,Jayden Reed,WR,GB,6,729,5,1125,27.67,-1,-396,-858.64,2026-10-03T09:44:33.675573+00:00
drop,13286,Jadarian Price,RB,SEA,7,702,7,1098,27.67,0,-396,-858.64,2026-10-03T09:44:33.675573+00:00
drop,9226,De'Von Achane,RB,MIA,8,582,9,1050,27.67,1,-468,-1014.76,2026-10-03T09:44:33.675573+00:00
drop,11637,Keon Coleman,WR,BUF,9,567,26,594,27.67,17,-27,-58.54,2026-10-03T09:44:33.675573+00:00
drop,8134,Khalil Shakir,WR,BUF,10,549,10,990,27.67,0,-441,-956.22,2026-10-03T09:44:33.675573+00:00
drop,10213,Tre Tucker,WR,LV,11,516,13,816,27.67,2,-300,-650.49,2026-10-03T09:44:33.675573+00:00
drop,13337,Emmett Johnson,RB,KC,12,513,15,765,27.67,3,-252,-546.41,2026-10-03T09:44:33.675573+00:00
drop,9754,Quentin Johnston,WR,LAC,13,504,12,847,27.67,-1,-343,-743.72,2026-10-03T09:44:33.675573+00:00
drop,13296,Caleb Douglas,WR,MIA,14,504,8,1088,27.67,-6,-584,-1266.28,2026-10-03T09:44:33.675573+00:00
drop,13414,Kaelon Black,RB,SF,15,490,18,700,27.67,3,-210,-455.34,2026-10-03T09:44:33.675573+00:00
drop,11435,Emanuel Wilson,RB,SEA,16,441,19,657,27.67,3,-216,-468.35,2026-10-03T09:44:33.675573+00:00
drop,3271,Tyler Higbee,TE,LAR,17,441,16,747,27.67,-1,-306,-663.5,2026-10-03T09:44:33.675573+00:00
drop,11539,Jake Bates,K,DET,18,440,17,728,27.67,-1,-288,-624.47,2026-10-03T09:44:33.675573+00:00
drop,3321,Tyreek Hill,WR,,19,440,11,848,27.67,-8,-408,-884.66,2026-10-03T09:44:33.675573+00:00
drop,6130,Devin Singletary,RB,NYG,20,423,14,783,27.67,-6,-360,-780.58,2026-10-03T09:44:33.675573+00:00
drop,10218,Xavier Hutchinson,WR,HOU,21,399,22,637,27.67,1,-238,-516.05,2026-10-03T09:44:33.675573+00:00
drop,11624,Xavier Worthy,WR,KC,22,396,24,630,27.67,2,-234,-507.38,2026-10-03T09:44:33.675573+00:00
drop,6819,Michael Pittman,WR,PIT,23,395,28,590,27.67,5,-195,-422.82,2026-10-03T09:44:33.675573+00:00
drop,9225,Tank Bigsby,RB,PHI,24,385,23,630,27.67,-1,-245,-531.23,2026-10-03T09:44:33.675573+00:00
drop,5849,Kyler Murray,QB,MIN,25,376,29,584,27.67,4,-208,-451.0,2026-10-03T09:44:33.675573+00:00
drop,8121,Romeo Doubs,WR,NE,26,376,30,560,27.67,4,-184,-398.97,2026-10-03T09:44:33.675573+00:00
drop,7553,Kyle Pitts,TE,ATL,27,371,21,644,27.67,-6,-273,-591.94,2026-10-03T09:44:33.675573+00:00
drop,9511,Keaton Mitchell,RB,LAC,28,369,20,657,27.67,-8,-288,-624.47,2026-10-03T09:44:33.675573+00:00
drop,1737,Case Keenum,QB,CHI,29,364,34,476,27.67,5,-112,-242.85,2026-10-03T09:44:33.675573+00:00
drop,10219,Chris Rodriguez,RB,JAX,30,351,27,594,27.67,-3,-243,-526.89,2026-10-03T09:44:33.675573+00:00
drop,1479,Keenan Allen,WR,IND,31,340,31,560,27.67,0,-220,-477.02,2026-10-03T09:44:33.675573+00:00
drop,1166,Kirk Cousins,QB,LV,32,328,35,472,27.67,3,-144,-312.23,2026-10-03T09:44:33.675573+00:00
drop,4037,Chris Godwin,WR,TB,33,318,33,480,27.67,0,-162,-351.26,2026-10-03T09:44:33.675573+00:00
drop,11631,Brian Thomas,WR,JAX,34,305,37,465,27.67,3,-160,-346.93,2026-10-03T09:44:33.675573+00:00
drop,6650,Chase McLaughlin,K,TB,35,304,32,544,27.67,-3,-240,-520.39,2026-10-03T09:44:33.675573+00:00
drop,9482,Michael Mayer,TE,LV,36,297,41,432,27.67,5,-135,-292.72,2026-10-03T09:44:33.675573+00:00
drop,11610,Malik Washington,WR,MIA,37,288,38,464,27.67,1,-176,-381.62,2026-10-03T09:44:33.675573+00:00
drop,1339,Zach Ertz,TE,PHI,38,279,36,468,27.67,-2,-189,-409.81,2026-10-03T09:44:33.675573+00:00
drop,7567,Kenny Gainwell,RB,TB,39,272,25,624,27.67,-14,-352,-763.24,2026-10-03T09:44:33.675573+00:00
drop,11571,Isaiah Davis,RB,NYJ,40,270,39,459,27.67,-1,-189,-409.81,2026-10-03T09:44:33.675573+00:00
drop,8136,Rachaad White,RB,WAS,41,267,46,390,27.67,5,-123,-266.7,2026-10-03T09:44:33.675573+00:00
drop,12495,Ollie Gordon,RB,MIA,42,266,52,343,27.67,10,-77,-166.96,2026-10-03T09:44:33.675573+00:00
drop,11586,Blake Corum,RB,LAR,43,264,55,336,27.67,12,-72,-156.12,2026-10-03T09:44:33.675573+00:00
drop,8132,Tyler Allgeier,RB,ARI,44,255,48,380,27.67,4,-125,-271.04,2026-10-03T09:44:33.675573+00:00
drop,9480,Brenton Strange,TE,JAX,45,252,53,342,27.67,8,-90,-195.15,2026-10-03T09:44:33.675573+00:00
drop,8180,Jalen Nailor,WR,LV,46,252,43,432,27.67,-3,-180,-390.29,2026-10-03T09:44:33.675573+00:00
drop,12493,Oronde Gadsden,TE,LAC,47,250,44,420,27.67,-3,-170,-368.61,2026-10-03T09:44:33.675573+00:00
drop,8154,Brian Robinson,RB,ATL,48,240,40,438,27.67,-8,-198,-429.32,2026-10-03T09:44:33.675573+00:00
drop,5012,Mark Andrews,TE,BAL,49,234,42,432,27.67,-7,-198,-429.32,2026-10-03T09:44:33.675573+00:00
drop,SF,San Francisco 49ers,DEF,SF,50,231,49,372,27.67,-1,-141,-305.73,2026-10-03T09:44:33.675573+00:00
drop,5045,Courtland Sutton,WR,DEN,51,225,50,360,27.67,-1,-135,-292.72,2026-10-03T09:44:33.675573+00:00
drop,4035,Alvin Kamara,RB,NO,52,224,63,296,27.67,11,-72,-156.12,2026-10-03T09:44:33.675573+00:00
drop,12472,Raheim Sanders,RB,CLE,53,224,59,320,27.67,6,-96,-208.16,2026-10-03T09:44:33.675573+00:00
drop,2505,Darren Waller,TE,CAR,54,216,45,414,27.67,-9,-198,-429.32,2026-10-03T09:44:33.675573+00:00
drop,8161,Malik Willis,QB,MIA,55,210,68,287,27.67,13,-77,-166.96,2026-10-03T09:44:33.675573+00:00
drop,13330,Kenyon Sadiq,TE,NYJ,56,207,65,288,27.67,9,-81,-175.63,2026-10-03T09:44:33.675573+00:00
drop,NYG,New York Giants,DEF,NYG,57,204,74,240,27.67,17,-36,-78.06,2026-10-03T09:44:33.675573+00:00
drop,LV,Las Vegas Raiders,DEF,LV,58,204,51,354,27.67,-7,-150,-325.24,2026-10-03T09:44:33.675573+00:00
drop,13311,Chris Bell,WR,MIA,59,203,56,336,27.67,-3,-133,-288.38,2026-10-03T09:44:33.675573+00:00
drop,DET,Detroit Lions,DEF,DET,60,198,57,333,27.67,-3,-135,-292.72,2026-10-03T09:44:33.675573+00:00
drop,7543,Travis Etienne,RB,NO,61,192,58,330,27.67,-3,-138,-299.22,2026-10-03T09:44:33.675573+00:00
drop,13285,Malachi Fields,WR,NYG,62,190,75,240,27.67,13,-50,-108.41,2026-10-03T09:44:33.675573+00:00
drop,11628,Marvin Harrison,WR,ARI,63,188,60,308,27.67,-3,-120,-260.19,2026-10-03T09:44:33.675573+00:00
drop,8205,Isiah Pacheco,RB,DET,64,176,66,288,27.67,2,-112,-242.85,2026-10-03T09:44:33.675573+00:00
drop,11834,Devaughn Vele,WR,NO,65,175,54,336,27.67,-11,-161,-349.09,2026-10-03T09:44:33.675573+00:00
drop,JAX,Jacksonville Jaguars,DEF,JAX,66,174,71,264,27.67,5,-90,-195.15,2026-10-03T09:44:33.675573+00:00
drop,7049,Jauan Jennings,WR,MIN,67,168,47,385,27.67,-20,-217,-470.52,2026-10-03T09:44:33.675573+00:00
drop,8800,Malik Davis,RB,DAL,68,162,72,252,27.67,4,-90,-195.15,2026-10-03T09:44:33.675573+00:00
drop,6828,AJ Dillon,RB,CAR,69,160,69,280,27.67,0,-120,-260.19,2026-10-03T09:44:33.675573+00:00
drop,12492,Pat Bryant,WR,DEN,70,160,61,304,27.67,-9,-144,-312.23,2026-10-03T09:44:33.675573+00:00
drop,8188,Tyquan Thornton,WR,KC,71,154,70,266,27.67,-1,-112,-242.85,2026-10-03T09:44:33.675573+00:00
drop,9758,C.J. Stroud,QB,HOU,72,154,67,287,27.67,-5,-133,-288.38,2026-10-03T09:44:33.675573+00:00
drop,2078,Odell Beckham,WR,,73,154,62,301,27.67,-11,-147,-318.74,2026-10-03T09:44:33.675573+00:00
drop,11566,Jayden Daniels,QB,WAS,74,152,77,232,27.67,3,-80,-173.46,2026-10-03T09:44:33.675573+00:00
drop,9502,Tank Dell,WR,HOU,75,152,73,248,27.67,-2,-96,-208.16,2026-10-03T09:44:33.675573+00:00
drop,11620,Rome Odunze,WR,CHI,76,150,64,294,27.67,-12,-144,-312.23,2026-10-03T09:44:33.675573+00:00
drop,5995,Justice Hill,RB,BAL,77,144,94,171,27.67,17,-27,-58.54,2026-10-03T09:44:33.675573+00:00
drop,13545,Trey Smack,K,GB,78,140,76,236,27.67,-2,-96,-208.16,2026-10-03T09:44:33.675573+00:00
drop,8408,Jordan Mason,RB,MIN,79,130,92,475,269.86,13,-345,-76.71,2026-10-03T09:44:33.675573+00:00
drop,11783,Ryan Flournoy,WR,DAL,80,128,89,344,220.06,9,-216,-58.89,2026-10-03T09:44:33.675573+00:00
drop,7021,Rico Dowdle,RB,PIT,81,125,78,230,27.67,-3,-105,-227.67,2026-10-03T09:44:33.675573+00:00
drop,3214,Hunter Henry,TE,NE,82,123,81,198,27.67,-1,-75,-162.62,2026-10-03T09:44:33.675573+00:00
drop,9757,Kendre Miller,RB,NO,83,122,91,174,27.67,8,-52,-112.75,2026-10-03T09:44:33.675573+00:00
drop,5189,Eddy Pineiro,K,SF,84,120,97,168,27.67,13,-48,-104.08,2026-10-03T09:44:33.675573+00:00
drop,4227,Harrison Butker,K,KC,85,120,92,172,27.67,7,-52,-112.75,2026-10-03T09:44:33.675573+00:00
drop,11603,AJ Barner,TE,SEA,86,114,100,162,27.67,14,-48,-104.08,2026-10-03T09:44:33.675573+00:00
drop,12530,Travis Hunter,DB,JAX,87,114,87,180,27.67,0,-66,-143.11,2026-10-03T09:44:33.675573+00:00
drop,10235,Roschon Johnson,RB,CHI,88,112,88,176,27.67,0,-64,-138.77,2026-10-03T09:44:33.675573+00:00
drop,12509,Tre' Harris,WR,LAC,89,112,82,192,27.67,-7,-80,-173.46,2026-10-03T09:44:33.675573+00:00
drop,13345,Jonah Coleman,RB,DEN,90,108,98,288,299.37,8,-180,-36.08,2026-10-03T09:44:33.675573+00:00
drop,3161,Carson Wentz,QB,MIN,91,108,85,180,27.67,-6,-72,-156.12,2026-10-03T09:44:33.675573+00:00
drop,7611,Rhamondre Stevenson,RB,NE,92,108,93,270,241.81,1,-162,-40.2,2026-10-03T09:44:33.675573+00:00
drop,NO,New Orleans Saints,DEF,NO,93,105,96,170,27.67,3,-65,-140.94,2026-10-03T09:44:33.675573+00:00
drop,13294,Makai Lemon,WR,PHI,94,100,93,228,87.58,-1,-128,-87.7,2026-10-03T09:44:33.675573+00:00
drop,11560,Caleb Williams,QB,CHI,95,99,100,612,382.31,5,-513,-80.51,2026-10-03T09:44:33.675573+00:00
drop,7090,Darnell Mooney,WR,NYG,96,99,93,171,27.67,-3,-72,-156.12,2026-10-03T09:44:33.675573+00:00
drop,7571,Rashod Bateman,WR,BAL,97,98,84,183,27.67,-13,-85,-184.3,2026-10-03T09:44:33.675573+00:00
drop,6815,Zack Baun,LB,PHI,98,96,79,216,27.67,-19,-120,-260.19,2026-10-03T09:44:33.675573+00:00
drop,13413,Cyrus Allen,WR,KC,99,96,88,186,118.41,-11,-90,-45.6,2026-10-03T09:44:33.675573+00:00
drop,4066,Evan Engram,TE,DEN,100,96,89,176,27.67,-11,-80,-173.46,2026-10-03T09:44:33.675573+00:00
